ADDON_BBCC,NA,CISCO,,ADDON_BBCC
ADDON_BENG_SPL,NA,CISCO,,ADDON_BENG_SPL
ADDON_CNN_COMM,NA,CISCO,,ADDON_CNN_COMM
ADDON_DISN_COMM,NA,CISCO,,ADDON_DISN_COMM
ADDON_ESS_COMM,NA,CISCO,,ADDON_ESS_COMM
ADDON_ESS_POP,ESS_Popular,CISCO,,ADDON_ESS_POP
ADDON_ESS_PREM,ESS_Premium,CISCO,,ADDON_ESS_PREM
ADDON_HD_BASIC_MAIN_12M,NA,CISCO,,ADDON_HD_BASIC_MAIN_12M
ADDON_HD_BASIC_MAIN_1M,NA,CISCO,,ADDON_HD_BASIC_MAIN_1M
ADDON_HD_BASIC_MAIN_3M,NA,CISCO,,ADDON_HD_BASIC_MAIN_3M
ADDON_HD_HBO_PREM_12M,NA,CISCO,,ADDON_HD_HBO_PREM_12M
ADDON_HD_HBO_PREM_1M,NA,CISCO,,ADDON_HD_HBO_PREM_1M
ADDON_HD_STARWD_PREM_12M,NA,CISCO,,ADDON_HD_STARWD_PREM_12M
ADDON_HD_STARWD_PREM_1M,NA,CISCO,,ADDON_HD_STARWD_PREM_1M
ADDON_HD_STARWD_PREM_3M,NA,CISCO,,ADDON_HD_STARWD_PREM_3M
ADDON_MEDPRO_COMM,NA,CISCO,,ADDON_MEDPRO_COMM
ADDON_NEO_COMM,NA,CISCO,,ADDON_NEO_COMM
ADDON_ONEALL_COMM,NA,CISCO,,ADDON_ONEALL_COMM
ADDON_PNJ_NONCAS,NA,CISCO,,ADDON_PNJ_NONCAS
ADDON_REG_EAS,NA,CISCO,,ADDON_REG_EAS
ADDON_REG_KAN,Kannada,CISCO,,ADDON_REG_KAN
ADDON_REG_KAN_KIDS,Kids,CISCO,,ADDON_REG_KAN_KIDS
ADDON_REG_KAN_SPOR,Sports,CISCO,,ADDON_REG_KAN_SPOR
ADDON_REG_MAL,Malayalam,CISCO,,ADDON_REG_MAL
ADDON_REG_NOR,North,CISCO,,ADDON_REG_NOR
ADDON_REG_TAM,Tamil,CISCO,,ADDON_REG_TAM
ADDON_REG_TEL,Telugu,CISCO,,ADDON_REG_TEL
ADDON_REG_WES,NA,CISCO,,ADDON_REG_WES
ADDON_SD_HBO_PREM_12M,HBO Pack,CISCO,,ADDON_SD_HBO_PREM_12M
ADDON_SD_HBO_PREM_1M,HBO NEW,CISCO,,ADDON_SD_HBO_PREM_1M
ADDON_STAR_CRIC_KOL_3M,Star_Cricket,CISCO,,ADDON_STAR_CRIC_KOL_3M
ADDON_STAR_ESPN_KOL_3M,ESPN,CISCO,,ADDON_STAR_ESPN_KOL_3M
ADDON_STAR_SPOR1_3M,Star_Sports,CISCO,,ADDON_STAR_SPOR1_3M
ADDON_STAR_SPOR1_KOL_3M,Star_Sports,CISCO,,ADDON_STAR_SPOR1_KOL_3M
ADDON_STAR_SPOR2_3M,Star_Sports_2,CISCO,,ADDON_STAR_SPOR2_3M
ADDON_STAR_SPOR2_KOL_3M,Star_Sports_2,CISCO,,ADDON_STAR_SPOR2_KOL_3M
ADDON_STAR_SPOR3_3M,Star_Cricket,CISCO,,ADDON_STAR_SPOR3_3M
ADDON_STAR_SPOR4_3M,ESPN,CISCO,,ADDON_STAR_SPOR4_3M
ADDON_STAR_SPORTS_HD,NA,CISCO,,ADDON_STAR_SPORTS_HD
ADDON_SUN18_NORCOMM,NA,CISCO,,ADDON_SUN18_NORCOMM
ADDON_TENGL_12M,TEN_Golf,CISCO,,ADDON_TENGL_12M
ADDON_TENGL_1M,TEN_Golf,CISCO,,ADDON_TENGL_1M
ADDON_TENGL_6M,TEN_Golf,CISCO,,ADDON_TENGL_6M
ADDON_TENSP_COMM,NA,CISCO,,ADDON_TENSP_COMM
ADDON_TIMES_COMM,NA,CISCO,,ADDON_TIMES_COMM
ADDON_VIACOM_COMM,NA,CISCO,,ADDON_VIACOM_COMM
ADDON_ZEE_COMM,NA,CISCO,,ADDON_ZEE_COMM
ALC_24_BINO,NA,CISCO,,ALC_24_BINO
ALC_24GHAN,NA,CISCO,,ALC_24_MOV
ALC_24_MOV,NA,CISCO,,ALC_24_MUS
ALC_24_MUS,NA,CISCO,,ALC_24GHAN
ALC_35MM,NA,CISCO,,ALC_35MM
ALC_3ABN,NA,CISCO,,ALC_3ABN
ALC_4R_NEWS,NA,CISCO,,ALC_4R_NEWS
ALC_7SEA_CHA,7_Sea,CISCO,,ALC_7SEA_CHA
ALC_9X,9X,CISCO,,ALC_9X
ALC_9X_JAL,9X_Jalwa,CISCO,,ALC_9X_JAL
ALC_9X_MAR,9X_Jhakaas,CISCO,,ALC_9X_MAR
ALC_9X_MUS,9X_Music,CISCO,,ALC_9X_MUS
ALC_9X_O,9X_O,CISCO,,ALC_9X_O
ALC_9X_TASH,9X_Tashan,CISCO,,ALC_9X_TASH
ALC_AAJ_TAK,Aaj_Tak,CISCO,,ALC_AAJ_TAK
ALC_AAK_AAT,NA,CISCO,,ALC_AAK_AAT
ALC_ABP_ANAN,ABP_Ananda,CISCO,,ALC_ABP_ANAN
ALC_ABP_MAJH,ABP_Majha,CISCO,,ALC_ABP_MAJH
ALC_ABP_NEWS,ABP_News,CISCO,,ALC_ABP_NEWS
ALC_ADITY,Aditya_TV,CISCO,,ALC_ADITY
ALC_AIR_ASSM,NA,CISCO,,ALC_AIR_ASSM
ALC_AIR_BANG,NA,CISCO,,ALC_AIR_BANG
ALC_AIR_GUJ,NA,CISCO,,ALC_AIR_GUJ
ALC_AIR_HIN,NA,CISCO,,ALC_AIR_HIN
ALC_AIR_KANN,NA,CISCO,,ALC_AIR_KANN
ALC_AIR_MAL,NA,CISCO,,ALC_AIR_MAL
ALC_AIR_MAR,NA,CISCO,,ALC_AIR_MAR
ALC_AIR_NWEST,NA,CISCO,,ALC_AIR_NWEST
ALC_AIR_ORIYA,NA,CISCO,,ALC_AIR_ORIYA
ALC_AIR_PUN,NA,CISCO,,ALC_AIR_PUN
ALC_AIR_RAG,NA,CISCO,,ALC_AIR_RAG
ALC_AIR_TAM,NA,CISCO,,ALC_AIR_TAM
ALC_AIR_TEL,NA,CISCO,,ALC_AIR_TEL
ALC_AIR_URDU,NA,CISCO,,ALC_AIR_URDU
ALC_AIR_VBS,NA,CISCO,,ALC_AIR_VBS
ALC_AKA_BANG,Akash_Bangla,CISCO,,ALC_AKA_BANG
ALC_AKSHY_TV,NA,CISCO,,ALC_AKSHY_TV
ALC_ALI,Ali_Channel,CISCO,,ALC_ALI
ALC_ALJAZ,Al_Jazeera,CISCO,,ALC_ALJAZ
ALC_ALNKR_TV,NA,CISCO,,ALC_ALNKR_TV
ALC_AMN,NA,CISCO,,ALC_AMN
ALC_AMRI,Amrita,CISCO,,ALC_AMRI
ALC_ANDRA_JYO,NA,CISCO,,ALC_ANDRA_JYO
ALC_ANGL_TV,NA,CISCO,,ALC_ANGL_TV
ALC_ANI_MAX,Animax,CISCO,,ALC_ANI_MAX
ALC_ANI_PLA,Animal_Planet,CISCO,,ALC_ANI_PLA
ALC_ANUG,NA,CISCO,,ALC_ANUG
ALC_AP9,NA,CISCO,,ALC_AP9
ALC_ARAD,NA,CISCO,,ALC_ARAD
ALC_ARIH,Arihant,CISCO,,ALC_ARIH
ALC_ASEER_TV,NA,CISCO,,ALC_ASEER_TV
ALC_ASIA_MOV,Asianet_Movies,CISCO,,ALC_ASIA_MOV
ALC_ASIA_NET,Asianet,CISCO,,ALC_ASIA_NET
ALC_ASIA_NEWS,Asianet_News,CISCO,,ALC_ASIA_NEWS
ALC_ASIA_PLUS,Asianet_Plus,CISCO,,ALC_ASIA_PLUS
ALC_ASIA_SUVR,Asianet_Suvarna,CISCO,,ALC_ASIA_SUVR
ALC_ASIA_TELE,NA,CISCO,,ALC_ASIA_TELE
ALC_ASTH,Astha,CISCO,,ALC_ASTH
ALC_ASTH_BHAJ,Aastha_Bhajan,CISCO,,ALC_ASTH_BHAJ
ALC_AURG_FTA,AUR_FTA,CISCO,,ALC_AURG_FTA
ALC_AUS_NET,Australia_Network,CISCO,,ALC_AUS_NET
ALC_AV_WINTV,AV_Win_TV,CISCO,,ALC_AV_WINTV
ALC_AXN,AXN,CISCO,,ALC_AXN
ALC_AZAD_NEWS,NA,CISCO,,ALC_AZAD_NEWS
ALC_B4U_MOV,B4U_Movies,CISCO,,ALC_B4U_MOV
ALC_B4U_MUS,B4U_Music,CISCO,,ALC_B4U_MUS
ALC_BABY,Baby_TV,CISCO,,ALC_BABY
ALC_BAIS_TV,NA,CISCO,,ALC_BAIS_TV
ALC_BALLE,Balle_Balle,CISCO,,ALC_BALLE
ALC_BANSL_NEWS,NA,CISCO,,ALC_BANSL_NEWS
ALC_BBC,BBC,CISCO,,ALC_BBC
ALC_BBC_ENT,BBC_Entertainment,CISCO,,ALC_BBC_ENT
ALC_BHAK_TV,NA,CISCO,,ALC_BHAK_TV
ALC_BHK_SAG,NA,CISCO,,ALC_BHK_SAG
ALC_BIBL_TV,NA,CISCO,,ALC_BIBL_TV
ALC_BIG_MAG,BIG_Magic,CISCO,,ALC_BIG_MAG
ALC_BIG_THR,NA,CISCO,,ALC_BIG_THR
ALC_BIZ_NEWS,NA,CISCO,,ALC_BIZ_NEWS
ALC_BLC,NA,CISCO,,ALC_BLC
ALC_BLK_WHT,NA,CISCO,,ALC_BLK_WHT
ALC_BLOOM,Bloomberg_TV,CISCO,,ALC_BLOOM
ALC_BM_BIH_JHAR,Big_Magic_Bihar,CISCO,,ALC_BM_BIH_JHAR
ALC_BOOM, NA,CISCO,,ALC_BOOM
ALC_BSL,NA,CISCO,,ALC_BSL
ALC_BTV,NA,CISCO,,ALC_BTV
ALC_CALV_TV,NA,CISCO,,ALC_C_MUS
ALC_CAMP,NA,CISCO,,ALC_C_MYS
ALC_CAPT_TV,NA,CISCO,,ALC_CALV_TV
ALC_CARE,Care_World,CISCO,,ALC_CAMP
ALC_CAR_NET,Cartoon_Network,CISCO,,ALC_CAPT_TV
ALC_CBEES, NA,CISCO,,ALC_CAR_NET
ALC_CBS_LOV,CBS_Love,CISCO,,ALC_CARE
ALC_CBS_PRIM,CBS_Prime,CISCO,,ALC_CBEES
ALC_CBS_SPAR,CBS_Spark,CISCO,,ALC_CBS_LOV
ALC_CCTV_NEWS,NA,CISCO,,ALC_CBS_PRIM
ALC_CHANL_10,NA,CISCO,,ALC_CBS_SPAR
ALC_CHANL_VIS,NA,CISCO,,ALC_CCTV_NEWS
ALC_CHAN_NEWS,Channel_NewsAsia,CISCO,,ALC_CHAN_NEWS
ALC_CHAN_ONE,Channel_One,CISCO,,ALC_CHAN_ONE
ALC_CHAN_V,Channel_V,CISCO,,ALC_CHAN_V
ALC_CHIN_TV,NA,CISCO,,ALC_CHANL_10
ALC_CHITRM,NA,CISCO,,ALC_CHANL_VIS
ALC_CHU_TV,NA,CISCO,,ALC_CHIN_TV
ALC_CINE_TV,Cinema_TV,CISCO,,ALC_CHITRM
ALC_CITY_FIR,Kilometer_0,CISCO,,ALC_CHU_TV
ALC_CLUB_TV,NA,CISCO,,ALC_CINE_TV
ALC_C_MUS,NA,CISCO,,ALC_CITY_FIR
ALC_C_MYS,NA,CISCO,,ALC_CLUB_TV
ALC_CNBC_AWZ,CNBC_Awaaz,CISCO,,ALC_CNBC
ALC_CNBC,CNBC,CISCO,,ALC_CNBC_AWZ
ALC_CNBC_TV18,CNBC,CISCO,,ALC_CNBC_TV18
ALC_CNN,CNN,CISCO,,ALC_CNN
ALC_CNN_IBN,CNN_IBN,CISCO,,ALC_CNN_IBN
ALC_COLOR,Colors,CISCO,,ALC_COLOR
ALC_COM_CEN,Comedy_Central,CISCO,,ALC_COM_CEN
ALC_CTVN,NA,CISCO,,ALC_CTVN
ALC_CVC,NA,CISCO,,ALC_CVC
ALC_CVR_NEWS,NA,CISCO,,ALC_CVR_NEWS
ALC_CVR_SPIR,NA,CISCO,,ALC_CVR_SPIR
ALC_DABANG,Dabang,CISCO,,ALC_DABANG
ALC_DANGAL,Dangal,CISCO,,ALC_DANGAL
ALC_DARS24,Darshan_24,CISCO,,ALC_DARS24
ALC_DARSHN_TV,NA,CISCO,,ALC_DARSHN_TV
ALC_DAY,Daystar,CISCO,,ALC_DAY
ALC_DAY_NIGHT,NA,CISCO,,ALC_DAY_NIGHT
ALC_DD_BANG,DD_Bangla,CISCO,,ALC_DD_BANG
ALC_DD_BHAR,DD_Bharti,CISCO,,ALC_DD_BHAR
ALC_DD_BIH,NA,CISCO,,ALC_DD_BIH
ALC_DD_CHAN,DD_Chandana,CISCO,,ALC_DD_CHAN
ALC_DD_GUJ,DD_Gujarati,CISCO,,ALC_DD_GUJ
ALC_DD_GYAN2,DD_Gyandarshan_2,CISCO,,ALC_DD_GYAN
ALC_DD_GYAN,DD_Gyandarshan,CISCO,,ALC_DD_GYAN2
ALC_DD_HIM,DD_Himachal,CISCO,,ALC_DD_HIM
ALC_DD_HIS,DD_Hissar,CISCO,,ALC_DD_HIS
ALC_DD_IND,DD_India,CISCO,,ALC_DD_IND
ALC_DD_KASH,DD_Kashir,CISCO,,ALC_DD_KASH
ALC_DD_LOK_SAB,DD_Lok_Sabha,CISCO,,ALC_DD_LOK_SAB
ALC_DD_MAL,DD_Malayalam,CISCO,,ALC_DD_MAL
ALC_DD_MP,DD_MP,CISCO,,ALC_DD_MP
ALC_DD_NAT,DD_National,CISCO,,ALC_DD_NAT
ALC_DD_NE,DD_North_East,CISCO,,ALC_DD_NE
ALC_DD_NEWS,DD_News,CISCO,,ALC_DD_NEWS
ALC_DD_ORY,DD_Oriya,CISCO,,ALC_DD_ORY
ALC_DD_PODI,DD_Podhigai,CISCO,,ALC_DD_PODI
ALC_DD_PUN,DD_Punjabi,CISCO,,ALC_DD_PUN
ALC_DD_RAJ,DD_Rajasthan,CISCO,,ALC_DD_RAJ
ALC_DD_RAJY_SAB,DD_Rajya_Sabha,CISCO,,ALC_DD_RAJY_SAB
ALC_DD_RAN,DD_Ranchi,CISCO,,ALC_DD_RAN
ALC_DD_SAHA,DD_Sahayadri,CISCO,,ALC_DD_SAHA
ALC_DD_SAPT,DD_Saptagiri,CISCO,,ALC_DD_SAPT
ALC_DD_SPOR,DD_Sports,CISCO,,ALC_DD_SPOR
ALC_DD_UP,DD_UP,CISCO,,ALC_DD_UP
ALC_DD_URD,DD_Urdu,CISCO,,ALC_DD_URD
ALC_DEL_AAJ,Delhi_Aaj_Tak,CISCO,,ALC_DEL_AAJ
ALC_DHAML,NA,CISCO,,ALC_DHAML
ALC_DHARSN,NA,CISCO,,ALC_DHAR_TEL
ALC_DHAR_TEL,NA,CISCO,,ALC_DHARSN
ALC_DHOOM,NA,CISCO,,ALC_DHOOM
ALC_DISC,Discovery,CISCO,,ALC_DIS_TAM
ALC_DISC_KID,Discovery_Kids,CISCO,,ALC_DISC
ALC_DISC_SC,Discovery_Science,CISCO,,ALC_DISC_KID
ALC_DISC_TUR,Discovery_Turbo,CISCO,,ALC_DISC_SC
ALC_DISHA,Disha,CISCO,,ALC_DISC_TUR
ALC_DISN,Disney_Channel,CISCO,,ALC_DISHA
ALC_DISN_JR,Disney_Junior,CISCO,,ALC_DISN
ALC_DISN_XD,NA,CISCO,,ALC_DISN_JR
ALC_DIS_TAM,Discovery_Tamil,CISCO,,ALC_DISN_XD
ALC_DIVY,Divya,CISCO,,ALC_DIVY
ALC_DW1,NA,CISCO,,ALC_DW
ALC_DW2,NA,CISCO,,ALC_DW M
ALC_DW,DW,CISCO,,ALC_DW1
ALC_DW M,NA,CISCO,,ALC_DW2
ALC_DWS_RAD,NA,CISCO,,ALC_DWS_RAD
ALC_DY365,NA,CISCO,,ALC_DY365
ALC_E24,E24,CISCO,,ALC_E24
ALC_ENT10,Enter_10,CISCO,,ALC_ENT10
ALC_ETC_MUS,ETC_Music,CISCO,,ALC_ET_NOW
ALC_ETC_PUN,ETC_Punjabi,CISCO,,ALC_ETC_MUS
ALC_ET_NOW,ET_Now,CISCO,,ALC_ETC_PUN
ALC_ETV_2,ETV_2,CISCO,,ALC_ETV_2
ALC_ETV_BANG,ETV_Bangla,CISCO,,ALC_ETV_BANG
ALC_ETV_BIH,ETV_Bihar,CISCO,,ALC_ETV_BIH
ALC_ETV_GUJ,ETV_Gujarati,CISCO,,ALC_ETV_GUJ
ALC_ETV_KAN,ETV_Kannada,CISCO,,ALC_ETV_KAN
ALC_ETV_MAR,ETV_Marathi,CISCO,,ALC_ETV_MAR
ALC_ETV_MP,ETV_MP,CISCO,,ALC_ETV_MP
ALC_ETV_ORI,ETV_Oriya,CISCO,,ALC_ETV_ORI
ALC_ETV_RAJ,ETV_Rajasthan,CISCO,,ALC_ETV_RAJ
ALC_ETV_TEL,ETV_Telugu,CISCO,,ALC_ETV_TEL
ALC_ETV_UP,ETV_UP,CISCO,,ALC_ETV_UP
ALC_ETV_URD,ETV_Urdu,CISCO,,ALC_ETV_URD
ALC_EXPL,Explore,CISCO,,ALC_EXPL
ALC_FASH,Fashion,CISCO,,ALC_FASH
ALC_FIRAN,Firangi,CISCO,,ALC_FIRAN
ALC_FM_FRON_TV,NA,CISCO,,ALC_FM_FRON_TV
ALC_FMGOLD_CHAN_MUM,NA,CISCO,,ALC_FM_GOLD
ALC_FM_GOLD,NA,CISCO,,ALC_FM_RAIN_BANG
ALC_FM_RAIN_BANG,NA,CISCO,,ALC_FM_RAIN_CHENN
ALC_FM_RAINBW,NA,CISCO,,ALC_FM_RAINBW
ALC_FM_RAIN_CHENN,NA,CISCO,,ALC_FMGOLD_CHAN_MUM
ALC_FOOD,Food_Food,CISCO,,ALC_FOOD
ALC_FOX_ACT,FOX_Action_Movies,CISCO,,ALC_FOX_ACT
ALC_FOX_CRI,FOX_Crime,CISCO,,ALC_FOX_CRI
ALC_FOX_TRAV,FOX_Traveller,CISCO,,ALC_FOX_TRAV
ALC_FX,FX,CISCO,,ALC_FX
ALC_GEM_COM,NA,CISCO,,ALC_GEM_COM
ALC_GEM_LIF,NA,CISCO,,ALC_GEM_LIF
ALC_GEM_MOV,Gemini_Movies,CISCO,,ALC_GEM_MOV
ALC_GEM_MUS,NA,CISCO,,ALC_GEM_MUS
ALC_GEM_NEWS,NA,CISCO,,ALC_GEM_NEWS
ALC_GEM_TV,Gemini_TV,CISCO,,ALC_GEM_TV
ALC_GET_PUN,Get_Punjabi,CISCO,,ALC_GET_PUN
ALC_GOA_FTA,GOA_FTA,CISCO,,ALC_GOA_FTA
ALC_GOD,God_TV,CISCO,,ALC_GOD
ALC_GOODNS_TV,NA,CISCO,,ALC_GOODNS_TV
ALC_GUL_NEW,NA,CISCO,,ALC_GUL_NEW
ALC_GURU,NA,CISCO,,ALC_GURU
ALC_GYAN,NA,CISCO,,ALC_GYAN
ALC_HAMM,Hammar_TV,CISCO,,ALC_HAM_TV
ALC_HAM_TV,NA,CISCO,,ALC_HAMM
ALC_HATH_DIG,NA,CISCO,,ALC_HATH_DIG
ALC_HATH_HAR,NA,CISCO,,ALC_HATH_HAR
ALC_HATH_MAX,NA,CISCO,,ALC_HATH_MAX
ALC_HATH_MOV,NA,CISCO,,ALC_HATH_MOV
ALC_HATH_MUS,Hathway_Music,CISCO,,ALC_HATH_MUS
ALC_HATH_UTTR,NA,CISCO,,ALC_HATH_UTTR
ALC_HBN,NA,CISCO,,ALC_HBN
ALC_HBO_DEF,HBO Pack,CISCO,,ALC_HBO
ALC_HBO_DEF_HD,NA,CISCO,,ALC_HBO_DEF
ALC_HBO_DEF,NA,CISCO,,ALC_HBO_DEF_HD
ALC_HBO,HBO,CISCO,,ALC_HBO_HIT
ALC_HBO_HIT,HBO Pack,CISCO,,ALC_HBO_HIT_HD
ALC_HBO_HIT_HD,NA,CISCO,,ALC_HEAD_TOD
ALC_HBO_HIT,NA,CISCO,,ALC_HIGH_NEW
ALC_HEAD_TOD,Headlines_Today,CISCO,,ALC_HIST
ALC_HIGH_NEW,NA,CISCO,,ALC_HIT_ENT
ALC_HIST,History,CISCO,,ALC_HOM_SHOP
ALC_HIT_ENT,NA,CISCO,,ALC_HOTL_INF
ALC_HOM_SHOP,Home_Shop_18,CISCO,,ALC_HUNG
ALC_HOTL_INF,NA,CISCO,,ALC_HYD_CRF
ALC_HUNG,Hungama,CISCO,,ALC_HYD_FTA
ALC_HYD_CRF,HYD_CRF,CISCO,,ALC_IBN_LOK
ALC_HYD_FTA,HYD_FTA,CISCO,,ALC_IBN7
ALC_IBN7,IBN7,CISCO,,ALC_ILINK
ALC_IBN_LOK,IBN_Lokmat,CISCO,,ALC_IMAYM
ALC_ILINK,NA,CISCO,,ALC_IN_SYNC
ALC_IMAYM,NA,CISCO,,ALC_IND_NEW_RAJ
ALC_IND_NEW_RAJ,NA,CISCO,,ALC_IND_NEWS
ALC_IND_NEWS_HAR,NA,CISCO,,ALC_IND_NEWS_HAR
ALC_IND_NEWS,India_News,CISCO,,ALC_IND_NEWS_MP
ALC_IND_NEWS_MP,NA,CISCO,,ALC_IND_TV
ALC_IND_TV,India_TV,CISCO,,ALC_IND_VIS_NEW
ALC_IND_VIS_NEW,NA,CISCO,,ALC_INEWS
ALC_INEWS,NA,CISCO,,ALC_INX_NEWS
ALC_IN_SYNC,NA,CISCO,,ALC_ISAI
ALC_INX_NEWS,NA,CISCO,,ALC_ISHWR
ALC_ISAI,NA,CISCO,,ALC_ITV_CHOIC
ALC_ISHWR,NA,CISCO,,ALC_ITV_GRAN
ALC_ITV_CHOIC,NA,CISCO,,ALC_JAI_HIND
ALC_ITV_GRAN,ITV_Granada,CISCO,,ALC_JAI_MAH
ALC_JAI_HIND,NA,CISCO,,ALC_JALSA_MOV
ALC_JAI_MAH,NA,CISCO,,ALC_JANO_DUNI
ALC_JALSA_MOV,NA,CISCO,,ALC_JANSRI
ALC_JANO_DUNI,NA,CISCO,,ALC_JAY_MAX
ALC_JANSRI,NA,CISCO,,ALC_JAY_MOV
ALC_JAY_MAX,Jaya_Max,CISCO,,ALC_JAY_PLUS
ALC_JAY_MOV,Jaya_Movies,CISCO,,ALC_JAY_TV
ALC_JAY_PLUS,Jaya_Plus,CISCO,,ALC_JEEVN
ALC_JAY_TV,Jaya_TV,CISCO,,ALC_JIA
ALC_JEEVN,NA,CISCO,,ALC_JINVANI
ALC_JIA,NA,CISCO,,ALC_JUK_BOX
ALC_JINVANI,NA,CISCO,,ALC_KAI_PEO
ALC_JUK_BOX,NA,CISCO,,ALC_KAIL_MOV
ALC_KAIL_MOV,NA,CISCO,,ALC_KAIR
ALC_KAI_PEO,Kairali_People,CISCO,,ALC_KAL_GEC
ALC_KAIR,Kairali,CISCO,,ALC_KAL_SEITH
ALC_KAL_GEC,Kalaingar_TV,CISCO,,ALC_KAST_NEWS
ALC_KAL_SEITH,NA,CISCO,,ALC_KAST_TV
ALC_KAST_NEWS,NA,CISCO,,ALC_KATYNI
ALC_KAST_TV,NA,CISCO,,ALC_KAUM
ALC_KATYNI,NA,CISCO,,ALC_KHAB_BHAR
ALC_KAUM,NA,CISCO,,ALC_KHOJ_IND
ALC_KHAB_BHAR,NA,CISCO,,ALC_KHUSHI
ALC_KHOJ_IND,NA,CISCO,,ALC_KILO
ALC_KHUSHI,NA,CISCO,,ALC_KIRAN
ALC_KILO,Kilometer_0,CISCO,,ALC_KOCH
ALC_KIRAN,Kiran_Tv,CISCO,,ALC_KOL_TV
ALC_KOCH,NA,CISCO,,ALC_KTV
ALC_KOL_TV,NA,CISCO,,ALC_KUSH
ALC_KTV,KTV,CISCO,,ALC_LEMO
ALC_KUSH,NA,CISCO,,ALC_LIFE_TV
ALC_LEMO,Lemon_News,CISCO,,ALC_LIFOK
ALC_LIFE_TV,NA,CISCO,,ALC_LIVE_IND
ALC_LIFOK,Life_OK,CISCO,,ALC_LOR_BUDD
ALC_LIVE_IND,Live_India,CISCO,,ALC_LOTUS
ALC_LOR_BUDD,Lord_buddha,CISCO,,ALC_MA_NEWS
ALC_LOTUS,NA,CISCO,,ALC_MAA_GOLD
ALC_MAA_GOLD,Maa_Gold,CISCO,,ALC_MAA_JR
ALC_MAA_JR,Maa_Junior,CISCO,,ALC_MAA_MOV
ALC_MAA_MOV,Maa_Movies,CISCO,,ALC_MAA_MUS
ALC_MAA_MUS,Maa_Music,CISCO,,ALC_MAA_TV
ALC_MAA_TV,Maa_TV,CISCO,,ALC_MAG_CIN
ALC_MAG_CIN,NA,CISCO,,ALC_MAHUA
ALC_MAHUA,Mahua,CISCO,,ALC_MAK
ALC_MAK,Makkal_TV,CISCO,,ALC_MANO_NEWS
ALC_MA_NEWS,NA,CISCO,,ALC_MANO_TV
ALC_MANO_NEWS,Manorama_News,CISCO,,ALC_MAST_MAR
ALC_MANO_TV,NA,CISCO,,ALC_MASTI
ALC_MASTI,Mastiii,CISCO,,ALC_MAUR_TV
ALC_MAST_MAR,Mast_Marathi,CISCO,,ALC_MAZ_MANO
ALC_MAUR_TV,NA,CISCO,,ALC_MBC
ALC_MAZ_MANO,NA,CISCO,,ALC_MCN
ALC_MBC,MBC,CISCO,,ALC_MEN7
ALC_MCN,NA,CISCO,,ALC_MGM
ALC_MEN7,NA,CISCO,,ALC_MH1
ALC_MGM,MGM,CISCO,,ALC_MH1_NEWS
ALC_MH1,MH_1,CISCO,,ALC_MH1_SHR
ALC_MH1_NEWS,NA,CISCO,,ALC_MI_MAR
ALC_MH1_SHR,MH1_Shradha,CISCO,,ALC_MMV_BANG
ALC_MI_MAR,Mi_Marathi,CISCO,,ALC_MMV_ENT0
ALC_MMV_BANG,NA,CISCO,,ALC_MOC
ALC_MMV_ENT0,NA,CISCO,,ALC_MOV_NOW
ALC_MOC,NA,CISCO,,ALC_MOV_OK
ALC_MOV_NOW,Movies_Now,CISCO,,ALC_MOV_OPERA
ALC_MOV_OK,Movies_OK,CISCO,,ALC_MTUNE
ALC_MOV_OPERA,NA,CISCO,,ALC_MTV
ALC_MTUNE,M_Tunes,CISCO,,ALC_MUD
ALC_MTV,MTV,CISCO,,ALC_MURASU
ALC_MUD,NA,CISCO,,ALC_MUS F
ALC_MURASU,NA,CISCO,,ALC_MUS_BANG
ALC_MUS_BANG,NA,CISCO,,ALC_MUS_EX
ALC_MUS_EX,Music_Express,CISCO,,ALC_MUS_IND
ALC_MUS F,NA,CISCO,,ALC_NA
ALC_MUS_IND,NA,CISCO,,ALC_NATG_ADV1
ALC_NA,NA,CISCO,,ALC_NATG_MUSC
ALC_NATG_ADV1,Nat_Geo_Adv,CISCO,,ALC_NATG_WILD
ALC_NATGEO,NGC,CISCO,,ALC_NATGEO
ALC_NATG_MUSC,Nat_Geo_Music,CISCO,,ALC_NDTV_24
ALC_NATG_WILD,Nat_Geo_Wild,CISCO,,ALC_NDTV_GT
ALC_NDTV_24,NDTV_24x7,CISCO,,ALC_NDTV_HIN
ALC_NDTV_GT,NDTV_Good_Times,CISCO,,ALC_NDTV_IND
ALC_NDTV_HIN,NA,CISCO,,ALC_NDTV_PRO
ALC_NDTV_IND,NDTV_India,CISCO,,ALC_NE_BANG
ALC_NDTV_PRO,NDTV_Profit,CISCO,,ALC_NE_HI-FI
ALC_NE_BANG,NA,CISCO,,ALC_NEO_PRI
ALC_NE_HI-FI,NA,CISCO,,ALC_NEO_SPO
ALC_NEO_PRI,Neo_Prime,CISCO,,ALC_NEP
ALC_NEO_SPO,Neo_Sports,CISCO,,ALC_NETV
ALC_NEP,Nepal_1,CISCO,,ALC_NEW_HOPE
ALC_NETV,NE_TV,CISCO,,ALC_NEW_NAT
ALC_NEW_HOPE,NA,CISCO,,ALC_NEWS_24
ALC_NEW_NAT,News_Nation,CISCO,,ALC_NEWS_ASSAM
ALC_NEWS_24,News_24,CISCO,,ALC_NEWS_EX
ALC_NEWS9,NA,CISCO,,ALC_NEWS_TM
ALC_NEWS_ASSAM,NA,CISCO,,ALC_NEWS_X
ALC_NEWS_EX,News_Express,CISCO,,ALC_NEWS9
ALC_NEWS_TM,NA,CISCO,,ALC_NHK_JAP
ALC_NEWS_X,NewsX,CISCO,,ALC_NHK_WORLD
ALC_NHK_JAP,NA,CISCO,,ALC_NICK
ALC_NHK_WORLD,NA,CISCO,,ALC_NICK_JR
ALC_NICK_JR,Nick_Jr,CISCO,,ALC_NIRM
ALC_NICK,Nickelodeon,CISCO,,ALC_NTV
ALC_NIRM,NA,CISCO,,ALC_OM_BANG
ALC_NTV,N_TV,CISCO,,ALC_ONKAR
ALC_OM_BANG,NA,CISCO,,ALC_OTV
ALC_ONKAR,NA,CISCO,,ALC_P7
ALC_OTV,O_TV,CISCO,,ALC_P7_NEWS
ALC_P7_NEWS,P7,CISCO,,ALC_PARAS
ALC_P7,P7,CISCO,,ALC_PEACE
ALC_PARAS,Paras,CISCO,,ALC_PEAR_NCR_TV
ALC_PEACE,NA,CISCO,,ALC_PEOPLE
ALC_PEAR_NCR_TV,NA,CISCO,,ALC_PLAN_CINE
ALC_PEOPLE,NA,CISCO,,ALC_POGO
ALC_PLAN_CINE,NA,CISCO,,ALC_POLI_KANN
ALC_POGO,Pogo,CISCO,,ALC_POLIMER
ALC_POLI_KANN,NA,CISCO,,ALC_POW_VIS
ALC_POLIMER,NA,CISCO,,ALC_PRAG_NEWS
ALC_POW_VIS,NA,CISCO,,ALC_PRAG_TV
ALC_PRAG_NEWS,NA,CISCO,,ALC_PROM
ALC_PRAG_TV,NA,CISCO,,ALC_PTC_CHAK
ALC_PROM,NA,CISCO,,ALC_PTC_NEWS
ALC_PTC_CHAK,PTC_Chakde,CISCO,,ALC_PTC_PUNJ
ALC_PTC_NEWS,PTC_News,CISCO,,ALC_PUB_TV
ALC_PTC_PUNJ,PTC_Punjabi,CISCO,,ALC_PUTH_THA
ALC_PUB_TV,NA,CISCO,,ALC_PUTH_YUGAM
ALC_PUTH_THA,Puthiya_Thalaimurai,CISCO,,ALC_RAD_FM_GOLD
ALC_PUTH_YUGAM,NA,CISCO,,ALC_RAD_FRAN_INT
ALC_RAD_FM_GOLD,NA,CISCO,,ALC_RAD_KANN
ALC_RAD_FRAN_INT,NA,CISCO,,ALC_RAD_KASH
ALC_RAD_KANN,NA,CISCO,,ALC_RAD_MALA
ALC_RAD_KASH,NA,CISCO,,ALC_RAD_PUN
ALC_RAD_MALA,NA,CISCO,,ALC_RAD_TAM
ALC_RAD_PUN,NA,CISCO,,ALC_RAD_TEL
ALC_RAD_TAM,NA,CISCO,,ALC_RAD_VIV_BHA
ALC_RAD_TEL,NA,CISCO,,ALC_RAJ_DIGI
ALC_RAD_VIV_BHA,NA,CISCO,,ALC_RAJ_MUS
ALC_RAJ_DIGI,Raj_Digital_Plus,CISCO,,ALC_RAJ_MUS_KANN
ALC_RAJ_MUS_KANN,NA,CISCO,,ALC_RAJ_NEWS
ALC_RAJ_MUS,Raj_Musix,CISCO,,ALC_RAJ_NEWS
ALC_RAJ_NEWS_KANN,NA,CISCO,,ALC_RAJ_NEWS_KANN
ALC_RAJ_NEWS,NA,CISCO,,ALC_RAJ_TV
ALC_RAJ_NEWS,Raj_News_Tamil,CISCO,,ALC_RASH_SAHA
ALC_RAJ_TV,Raj_TV,CISCO,,ALC_RCK
ALC_RASH_SAHA,Rashtriya_Sahara,CISCO,,ALC_REPOR
ALC_RCK,NA,CISCO,,ALC_RFI_FRA
ALC_REPOR,NA,CISCO,,ALC_RISH
ALC_RFI_FRA,NA,CISCO,,ALC_ROM_NOW
ALC_RISH,NA,CISCO,,ALC_ROM_NOW+
ALC_ROM_NOW+,NA,CISCO,,ALC_RPLUS
ALC_ROM_NOW,Romedy_Now,CISCO,,ALC_RUP_BANG
ALC_RPLUS,NA,CISCO,,ALC_RUS_TOD
ALC_RUP_BANG,Rupashi_Bangla,CISCO,,ALC_SABTV
ALC_RUS_TOD,Russia_Today,CISCO,,ALC_SADA_CHAN
ALC_SABTV,SAB,CISCO,,ALC_SADH
ALC_SADA_CHAN,NA,CISCO,,ALC_SADH_NEWS_MP
ALC_SADH_NEWS_MP,NA,CISCO,,ALC_SADH_NEWS_UP
ALC_SADH_NEWS_UP,NA,CISCO,,ALC_SAH_FILM
ALC_SADH,Sadhana,CISCO,,ALC_SAH_MUM
ALC_SAHA_AALA,NA,CISCO,,ALC_SAH_NCR
ALC_SAHA_BIH,NA,CISCO,,ALC_SAH_ONE
ALC_SAHARA_MP,NA,CISCO,,ALC_SAH_SAM
ALC_SAHARA_UP,NA,CISCO,,ALC_SAH_SAM_MUM
ALC_SAH_FILM,Sahara_Filmy,CISCO,,ALC_SAHA_AALA
ALC_SAH_MUM,NA,CISCO,,ALC_SAHA_BIH
ALC_SAH_NCR,NA,CISCO,,ALC_SAHARA_MP
ALC_SAH_ONE,Sahara_One,CISCO,,ALC_SAHARA_UP
ALC_SAH_SAM_MUM,Sahara_Samay,CISCO,,ALC_SAKSHI
ALC_SAH_SAM,Sahara_Samay,CISCO,,ALC_SALVA
ALC_SAKSHI,NA,CISCO,,ALC_SAM_MAR
ALC_SALVA,NA,CISCO,,ALC_SAMAC_PLUS
ALC_SAMAC_PLUS,NA,CISCO,,ALC_SAMAY
ALC_SAMAYA,NA,CISCO,,ALC_SAMAY_RAJA
ALC_SAMAY,NA,CISCO,,ALC_SAMAYA
ALC_SAMAY_RAJA,NA,CISCO,,ALC_SAN_BANG
ALC_SAM_MAR,Saam_Marathi,CISCO,,ALC_SAN_BHOJ
ALC_SANA,NA,CISCO,,ALC_SANA
ALC_SAN_BANG,NA,CISCO,,ALC_SAND_NEWS
ALC_SAN_BHOJ,Sangeet_Bhojpuri,CISCO,,ALC_SANSK
ALC_SAND_NEWS,NA,CISCO,,ALC_SATHIYAM
ALC_SANSK,Sanskar,CISCO,,ALC_SATSANG
ALC_SATHIYAM,NA,CISCO,,ALC_SATYA_VEEDA
ALC_SATSANG,NA,CISCO,,ALC_SEITHIGAL
ALC_SATYA_VEEDA,NA,CISCO,,ALC_SET_MAX
ALC_SEITHIGAL,NA,CISCO,,ALC_SHA_TV
ALC_SET_MAX,Set_Max,CISCO,,ALC_SHAK_TV
ALC_SHAK_TV,Shakti_TV,CISCO,,ALC_SHALOM
ALC_SHALOM,NA,CISCO,,ALC_SHRADDHA
ALC_SHA_TV,NA,CISCO,,ALC_SHRI_NEWS
ALC_SHRADDHA,NA,CISCO,,ALC_SHUB_SAN
ALC_SHRI_NEWS,NA,CISCO,,ALC_SHUB_VARTHA
ALC_SHUB_SAN,Subhsandesh,CISCO,,ALC_SIRIPOLI
ALC_SHUB_VARTHA,NA,CISCO,,ALC_SKTV
ALC_SIRIPOLI,NA,CISCO,,ALC_SONA_BANG
ALC_SKTV,SK_TV,CISCO,,ALC_SONIC
ALC_SONA_BANG,NA,CISCO,,ALC_SONY
ALC_SONIC,NA,CISCO,,ALC_SONY_AATH
ALC_SONY_AATH,Sony_Aath,CISCO,,ALC_SONY_MIX
ALC_SONY_MIX,Sony_Mix,CISCO,,ALC_SONY_PIX
ALC_SONY_PIX,Pix,CISCO,,ALC_SONY_SIX
ALC_SONY_SIX,Sony_SIX,CISCO,,ALC_SOUBHAG_MITHI
ALC_SONY,Sony,CISCO,,ALC_SP_KIDS
ALC_SOUBHAG_MITHI,NA,CISCO,,ALC_SPAR_PUN
ALC_SPAR_PUN,Spark_Punjabi,CISCO,,ALC_SPO_KOOL
ALC_SP_KIDS,Spacetoon_Kids,CISCO,,ALC_SRI_SAN
ALC_SPO_KOOL,NA,CISCO,,ALC_SRIS_TV
ALC_SRI_SAN,Sri_Sankara,CISCO,,ALC_STAR_CJ
ALC_SRIS_TV,NA,CISCO,,ALC_STAR_CRIC
ALC_STAR_CJ,Star_CJ,CISCO,,ALC_STAR_CRIC_KOL
ALC_STAR_CRIC_KOL,Star_Cricket,CISCO,,ALC_STAR_ESPN
ALC_STAR_CRIC,Star_Cricket,CISCO,,ALC_STAR_ESPN_KOL
ALC_STAR_ESPN,ESPN,CISCO,,ALC_STAR_GOLD
ALC_STAR_ESPN_KOL,ESPN,CISCO,,ALC_STAR_JALMO
ALC_STAR_GOLD,Star_Gold,CISCO,,ALC_STAR_JALS
ALC_STAR_JALMO,NA,CISCO,,ALC_STAR_MOVAC
ALC_STAR_JALS,Star_Jalsa,CISCO,,ALC_STAR_MOVI
ALC_STAR_MOVAC,Fox_Action_Movies,CISCO,,ALC_STAR_PLUS
ALC_STAR_MOVI,Star_Movies,CISCO,,ALC_STAR_PRAV
ALC_STAR_PLUS,Star_Plus,CISCO,,ALC_STAR_SPOR1
ALC_STAR_PRAV,Star_Pravah,CISCO,,ALC_STAR_SPOR1_KOL
ALC_STAR_SPOR1_KOL,Star_Sports,CISCO,,ALC_STAR_SPOR2
ALC_STAR_SPOR1,Star_Sports,CISCO,,ALC_STAR_SPOR2_KOL
ALC_STAR_SPOR2_KOL,Star_Sports_2,CISCO,,ALC_STAR_UTSV
ALC_STAR_SPOR2,Star_Sports_2,CISCO,,ALC_STAR_VIJY
ALC_STAR_UTSV,Star_Utsav,CISCO,,ALC_STAR_WORL
ALC_STAR_VIJY,Star_Vijaya,CISCO,,ALC_STC_SAMA
ALC_STAR_WORL,Star_World,CISCO,,ALC_STUDIO
ALC_STC_SAMA,NA,CISCO,,ALC_SUBH_SAN
ALC_STUDIO,NA,CISCO,,ALC_SUN_LIFE
ALC_SUBH_SAN,Subhsandesh,CISCO,,ALC_SUN_MUS
ALC_SUN_LIFE,Sun_Life,CISCO,,ALC_SUN_NEWS
ALC_SUN_MUS,Sun_Music,CISCO,,ALC_SUN_TV
ALC_SUN_NEWS,Sun_News,CISCO,,ALC_SUR_MUS
ALC_SUN_TV,Sun_TV,CISCO,,ALC_SUR_PLUS
ALC_SUR_MUS,NA,CISCO,,ALC_SUR_TV
ALC_SUR_PLUS,NA,CISCO,,ALC_SUVAR
ALC_SUR_TV,Surya_TV,CISCO,,ALC_SVBC_TTD
ALC_SUVAR,Suvarna_News,CISCO,,ALC_TAJ_BRU
ALC_SVBC_TTD,SVBC_TTD,CISCO,,ALC_TAM_TV
ALC_TAJ_BRU,NA,CISCO,,ALC_TARA_MUS
ALC_TAM_TV,NA,CISCO,,ALC_TARA_NEWS
ALC_TARA_NEWS,NA,CISCO,,ALC_TARA_TV
ALC_TARA_TV,NA,CISCO,,ALC_TAZ_TV
ALC_TAZ_TV,NA,CISCO,,ALC_TEN_ACT
ALC_TEN_ACT,TEN_Action,CISCO,,ALC_TEN_CRIC
ALC_TEN_CRIC,TEN_Cricket,CISCO,,ALC_TEN_SPOR
ALC_TEN_SPOR,TEN_Sports,CISCO,,ALC_TEZ
ALC_TEZ,Tez,CISCO,,ALC_TIME_NOW
ALC_TIME_NOW,Times_Now,CISCO,,ALC_TLC
ALC_TLC,TLC,CISCO,,ALC_TNEWS
ALC_TNEWS,T_News,CISCO,,ALC_TOLLY_WOOD
ALC_TOLLY_WOOD,NA,CISCO,,ALC_TOPP
ALC_TOPP,Topper,CISCO,,ALC_TOT_NEWS
ALC_TOTAL,Total_TV,CISCO,,ALC_TOTAL
ALC_TOT_NEWS,NA,CISCO,,ALC_TRA_SPOR
ALC_TRA_SPOR,NA,CISCO,,ALC_TRAV_TREN
ALC_TRAV_TREN,Travel_Trendz,CISCO,,ALC_TRAV_XP
ALC_TRAV_XP,Travel_Xp,CISCO,,ALC_TV10
ALC_TV100,NA,CISCO,,ALC_TV100
ALC_TV10,NA,CISCO,,ALC_TV21
ALC_TV21,NA,CISCO,,ALC_TV24
ALC_TV24,NA,CISCO,,ALC_TV5
ALC_TV5_MON,TV5_Monde,CISCO,,ALC_TV5_MON
ALC_TV5_NEWS,NA,CISCO,,ALC_TV5_NEWS
ALC_TV5,TV_5,CISCO,,ALC_TV9_GUJ
ALC_TV9_GUJ,TV9_Gujarati,CISCO,,ALC_TV9_KAN
ALC_TV9_KAN,TV9_Kannada,CISCO,,ALC_TV9_MAH
ALC_TV9_MAH,TV9_Maharashtra,CISCO,,ALC_TV9_TEL
ALC_UDY_COMY,NA,CISCO,,ALC_UDY_COMY
ALC_UDY_MOVI,Udaya_Movies,CISCO,,ALC_UDY_MOVI
ALC_UDY_MUSI,NA,CISCO,,ALC_UDY_MUSI
ALC_UDY_NEWS,Udaya_News,CISCO,,ALC_UDY_NEWS
ALC_UDY_TV,Udaya_TV,CISCO,,ALC_UDY_TV
ALC_UTSAV,NA,CISCO,,ALC_UTSAV
ALC_UTT_BANG,NA,CISCO,,ALC_UTT_BANG
ALC_UTV_ACT_TEL,NA,CISCO,,ALC_UTV_ACT
ALC_UTV_ACT,UTV_Action,CISCO,,ALC_UTV_ACT_TEL
ALC_UTV_BIND,Bindass,CISCO,,ALC_UTV_BIND
ALC_UTV_MOV,UTV_Movies,CISCO,,ALC_UTV_MOV
ALC_UTV_STAR,UTV_Stars,CISCO,,ALC_UTV_STAR
ALC_UTV_WOR_MOV,UTV_World_Movies,CISCO,,ALC_UTV_WOR_MOV
ALC_VAS_TV,NA,CISCO,,ALC_VAS_TV
ALC_VH1,VH1,CISCO,,ALC_VH1
ALC_VISION_TV,NA,CISCO,,ALC_VIS_WOR
ALC_VISS,Vissa_TV,CISCO,,ALC_VISION_TV
ALC_VIS_WOR,NA,CISCO,,ALC_VISS
ALC_VRINDA_TV,NA,CISCO,,ALC_VRINDA_TV
ALC_VRM_TV,NA,CISCO,,ALC_VRM_TV
ALC_VTV_GUJ,V_TV,CISCO,,ALC_VTV_GUJ
ALC_VYAS_TV,NA,CISCO,,ALC_VYAS_TV
ALC_WAR_BRO,WB,CISCO,,ALC_WAR_BRO
ALC_WEL,NA,CISCO,,ALC_WEL
ALC_WHA_HAT,NA,CISCO,,ALC_WHA_HAT
ALC_WIN_DIG_DEL,NA,CISCO,,ALC_WIN_DIG_DEL
ALC_WIN_SUR,NA,CISCO,,ALC_WIN_SUR
ALC_WINTV,NA,CISCO,,ALC_WINTV
ALC_WORLD_MOVIES,UTV_World_Movies,CISCO,,ALC_WORLD_MOVIES
ALC_XTRA,NA,CISCO,,ALC_XTRA
ALC_YES_IND_VIS,NA,CISCO,,ALC_YES_IND_VIS
ALC_YOU_CHAN,NA,CISCO,,ALC_YOU_CHAN
ALC_ZAIN_CHAN,NA,CISCO,,ALC_ZAIN_CHAN
ALC_ZEE_24 GHANT,NA,CISCO,,ALC_ZEE_24 GHANT
ALC_ZEE_ACT,Zee_Action,CISCO,,ALC_ZEE_ACT
ALC_ZEE_ANM,NA,CISCO,,ALC_ZEE_ANM
ALC_ZEE_BANG_CINE,NA,CISCO,,ALC_ZEE_BANG
ALC_ZEE_BANG,Zee_Bangla,CISCO,,ALC_ZEE_BANG_CINE
ALC_ZEE_BUSI,Zee_Business,CISCO,,ALC_ZEE_BUSI
ALC_ZEE_CAFE,Zee_Cafe,CISCO,,ALC_ZEE_CAFE
ALC_ZEE_CINE,Zee_Cinema,CISCO,,ALC_ZEE_CINE
ALC_ZEE_CLAS,Zee_Classic,CISCO,,ALC_ZEE_CLAS
ALC_ZEE_JAGR,Zee_Jagran,CISCO,,ALC_ZEE_JAGR
ALC_ZEE_KANN,Zee_Kannada,CISCO,,ALC_ZEE_KANN
ALC_ZEE_KHKHZ,NA,CISCO,,ALC_ZEE_KHKHZ
ALC_ZEE_MAR,Zee_Marathi,CISCO,,ALC_ZEE_MAR
ALC_ZEE_NEWS_UP,Zee_News_UP,CISCO,,ALC_ZEE_NEWS
ALC_ZEE_NEWS,Zee_News,CISCO,,ALC_ZEE_NEWS_UP
ALC_ZEE_PREM,Zee_Premier,CISCO,,ALC_ZEE_PREM
ALC_ZEE_PUNJ,Zee_Punjabi,CISCO,,ALC_ZEE_PUNJ
ALC_ZEE_Q,Zee_Q,CISCO,,ALC_ZEE_Q
ALC_ZEE_RAJ_MAR,NA,CISCO,,ALC_ZEE_RAJ_MAR
ALC_ZEE_SALM,Zee_Salaam,CISCO,,ALC_ZEE_SALM
ALC_ZEE_SMIL,Zee_Smile,CISCO,,ALC_ZEE_SMIL
ALC_ZEE_STUD,Zee_Studio,CISCO,,ALC_ZEE_STUD
ALC_ZEE_TALK,Zee_Talkies,CISCO,,ALC_ZEE_TALK
ALC_ZEE_TAM,NA,CISCO,,ALC_ZEE_TAM
ALC_ZEE_TAS,Zee_24_Taas,CISCO,,ALC_ZEE_TAS
ALC_ZEE_TEL,Zee_Telugu,CISCO,,ALC_ZEE_TEL
ALC_ZEE_TREN,Zee_Trendz,CISCO,,ALC_ZEE_TREN
ALC_ZEE_TV,Zee_TV,CISCO,,ALC_ZEE_TV
ALC_ZING,Zing,CISCO,,ALC_ZING
ALC_ZOOM,Zoom,CISCO,,ALC_ZOOM
PKG_ALL_SRVS,Digital Service Pack,CISCO,,PKG_ALL_SRVS
PKG_AURG_FTA,AUR_FTA,CISCO,,PKG_AURG_FTA
PKG_BLR_BANGARA,Bangara,CISCO,,PKG_BLR_BANGARA
PKG_BLR_JANPRIY,Janpriya,CISCO,,PKG_BLR_JANPRIY
PKG_BLR_VAJRA,Vajra,CISCO,,PKG_BLR_VAJRA
PKG_CRF,HYD_CRF,CISCO,,PKG_CRF
PKG_DEL_BST_MAIN,DLH_BST,CISCO,,PKG_DEL_BST_MAIN
PKG_DEL_DIGI_POP_ADDL,DLH_MPT_ADTV,CISCO,,PKG_DEL_DIGI_POP_ADDL
PKG_DEL_DIGI_POP_MAIN,DLH_MPT,CISCO,,PKG_DEL_DIGI_POP_MAIN
PKG_DEL_DIGI_PREM_ADDL,DLH_PPT_ADTV,CISCO,,PKG_DEL_DIGI_PREM_ADDL
PKG_DEL_DIGI_PREM_MAIN,DLH_PPT,CISCO,,PKG_DEL_DIGI_PREM_MAIN
PKG_DEL_DIGI_STAR_ADDL,DLH_BPT_ADTV,CISCO,,PKG_DEL_DIGI_STAR_ADDL
PKG_DEL_DIGI_STAR_MAIN,DLH_BPT,CISCO,,PKG_DEL_DIGI_STAR_MAIN
PKG_DYN_VIH_FTA,DYV_FTA,CISCO,,PKG_DYN_VIH_FTA
PKG_EAST_BST_MAIN,EAST_BST,CISCO,,PKG_EAST_BST_MAIN
PKG_EAST_DIGI_POP_ADDL,EAST_MPT_ADTV,CISCO,,PKG_EAST_DIGI_POP_ADDL
PKG_EAST_DIGI_POP_MAIN,EAST_MPT,CISCO,,PKG_EAST_DIGI_POP_MAIN
PKG_EAST_DIGI_PREM_ADDL,EAST_PPT_ADTV,CISCO,,PKG_EAST_DIGI_PREM_ADDL
PKG_EAST_DIGI_PREM_MAIN,EAST_PPT,CISCO,,PKG_EAST_DIGI_PREM_MAIN
PKG_EAST_DIGI_STAR_ADDL,EAST_BPT_ADTV,CISCO,,PKG_EAST_DIGI_STAR_ADDL
PKG_EAST_DIGI_STAR_MAIN,EAST_BPT,CISCO,,PKG_EAST_DIGI_STAR_MAIN
PKG_HOTEL,NA,CISCO,,PKG_HOTEL
PKG_HYD_BST_MAIN,BASIC,CISCO,,PKG_HYD_BST_MAIN
PKG_HYD_DAS,HYD_DAS,CISCO,,PKG_HYD_DAS
PKG_HYD_DIAM_ADDL,Diamond,CISCO,,PKG_HYD_DIAM_ADDL
PKG_HYD_DIAM_MAIN,Diamond,CISCO,,PKG_HYD_DIAM_MAIN
PKG_HYD_GOLD_ADDL,Gold,CISCO,,PKG_HYD_GOLD_ADDL
PKG_HYD_GOLD_MAIN,Gold,CISCO,,PKG_HYD_GOLD_MAIN
PKG_HYD_JAN_ADDL,Janata,CISCO,,PKG_HYD_JAN_ADDL
PKG_HYD_JAN_MAIN,Janata,CISCO,,PKG_HYD_JAN_MAIN
PKG_MED_PRO_COMM,NA,CISCO,,PKG_MED_PRO_COMM
PKG_MP_RAI_FTA,RPR-FTA,CISCO,,PKG_MP_RAI_FTA
PKG_NO_CHANNELS,No Channels,CISCO,,PKG_NO_CHANNELS
PKG_NON_CAS,NON-CAS,CISCO,,PKG_NON_CAS
PKG_NON_DAS,NA,CISCO,,PKG_NON_DAS
PKG_ONE_ALLN_COMM,NA,CISCO,,PKG_ONE_ALLN_COMM
PKG_PRICE_ZERO,Price_0,CISCO,,PKG_PRICE_ZERO
PKG_STAR_COMM,NA,CISCO,,PKG_STAR_COMM
PKG_UP_BST_MAIN,NA,CISCO,,PKG_UP_BST_MAIN
PKG_UP_DIGI_POP_MAIN,UP_MPT,CISCO,,PKG_UP_DIGI_POP_MAIN
PKG_UP_DIGI_PREM_ADDL,NA,CISCO,,PKG_UP_DIGI_PREM_ADDL
PKG_UP_DIGI_PREM_MAIN,UP_PPT,CISCO,,PKG_UP_DIGI_PREM_MAIN
PKG_UP_DIGI_STAR_ADDL,NA,CISCO,,PKG_UP_DIGI_STAR_ADDL
PKG_UP_DIGI_STAR_MAIN,UP_BPT,CISCO,,PKG_UP_DIGI_STAR_MAIN
PKG_VZG_BST_MAIN,NA,CISCO,,PKG_VZG_BST_MAIN
PKG_VZG_DIAM_ADDL,NA,CISCO,,PKG_VZG_DIAM_ADDL
PKG_VZG_DIAM_MAIN,NA,CISCO,,PKG_VZG_DIAM_MAIN
PKG_VZG_GOLD_ADDL,NA,CISCO,,PKG_VZG_GOLD_ADDL
PKG_VZG_GOLD_MAIN,NA,CISCO,,PKG_VZG_GOLD_MAIN
PKG_VZG_JAN_ADDL,NA,CISCO,,PKG_VZG_JAN_ADDL
PKG_VZG_JAN_MAIN,NA,CISCO,,PKG_VZG_JAN_MAIN
PKG_WEST_BST_COMM_MAIN,MUM_BASIC_CMRCL,CISCO,,PKG_WEST_BST_COMM_MAIN
PKG_WEST_BST_MAIN,MUM_BST,CISCO,,PKG_WEST_BST_MAIN
PKG_WEST_DIGI_POPLUS_ADDL,MUM_MPT_PLUS_ADTV,CISCO,,PKG_WEST_DIGI_POPLUS_ADDL
PKG_WEST_DIGI_POPLUS_MAIN,MUM_MPT_PLUS,CISCO,,PKG_WEST_DIGI_POPLUS_MAIN
PKG_WEST_DIGI_PREM_ADDL,MUM_PPT_ADTV,CISCO,,PKG_WEST_DIGI_PREM_ADDL
PKG_WEST_DIGI_PREM_MAIN,MUM_PPT,CISCO,,PKG_WEST_DIGI_PREM_MAIN
PKG_WEST_DIGI_STAR_ADDL,MUM_BPT_ADTV,CISCO,,PKG_WEST_DIGI_STAR_ADDL
PKG_WEST_DIGI_STAR_MAIN,MUM_BPT,CISCO,,PKG_WEST_DIGI_STAR_MAIN
